{
"__comment": "Model by @Georg_Schmo",
"ambientocclusion": false,
"textures": {
    "particle": "blocks/door_acacia_upper",
    "texture": "blocks/door_acacia_upper"
},
"elements": [ 
{
    "from": [ 0, 0, 0 ],
    "to": [ 3, 16, 3 ],
    "faces": {
        "down":  { "uv": [ 3, 16, 0, 13 ], "rotation": 90, "texture": "#texture" },
        "up":    { "uv": [ 0, 0, 3, 3 ], "rotation": 90, "texture": "#texture" },
        "north": { "uv": [ 3, 0, 0, 16 ], "texture": "#texture" },
        "south": { "uv": [ 13, 0, 16, 16 ], "texture": "#texture" },
        "west":  { "uv": [ 0, 0, 3, 16 ], "texture": "#texture" },
        "east":  { "uv": [ 3, 0, 0, 16 ], "texture": "#texture" }
    }
},
{
    "from": [ 0, 0, 5 ],
    "to": [ 3, 16, 7 ],
    "faces": {
        "down":  { "uv": [ 7, 16, 5, 13 ], "rotation": 90, "texture": "#texture" },
        "up":    { "uv": [ 5, 0, 7, 3 ], "rotation": 90, "texture": "#texture" },
        "north": { "uv": [ 16, 0, 13, 16 ], "texture": "#texture" },
        "south": { "uv": [ 13, 0, 16, 16 ], "texture": "#texture" },
        "west":  { "uv": [ 5, 0, 7, 16 ], "texture": "#texture" },
        "east":  { "uv": [ 7, 0, 5, 16 ], "texture": "#texture" }
    }
},
{
    "from": [ 0, 0, 9 ],
    "to": [ 3, 16, 11 ],
    "faces": {
        "down":  { "uv": [ 11, 16, 9, 13 ], "rotation": 90, "texture": "#texture" },
        "up":    { "uv": [ 9, 0, 11, 3 ], "rotation": 90, "texture": "#texture" },
        "north": { "uv": [ 16, 0, 13, 16 ], "texture": "#texture" },
        "south": { "uv": [ 13, 0, 16, 16 ], "texture": "#texture" },
        "west":  { "uv": [ 9, 0, 11, 16 ], "texture": "#texture" },
        "east":  { "uv": [ 11, 0, 9, 16 ], "texture": "#texture" }
    }
},
{
    "from": [ 0, 0, 13 ],
    "to": [ 3, 16, 16 ],
    "faces": {
        "down":  { "uv": [ 16, 16, 13, 13 ], "rotation": 90, "texture": "#texture" },
        "up":    { "uv": [ 13, 0, 16, 3 ], "rotation": 90, "texture": "#texture" },
        "north": { "uv": [ 16, 0, 13, 16 ], "texture": "#texture" },
        "south": { "uv": [ 13, 0, 16, 16 ], "texture": "#texture" },
        "west":  { "uv": [ 13, 0, 16, 16 ], "texture": "#texture" },
        "east":  { "uv": [ 16, 0, 13, 16 ], "texture": "#texture" }
    }
},
{
    "from": [ 0, 13, 3 ],
    "to": [ 3, 16, 5 ],
    "faces": {
        "down":  { "uv": [ 5, 3, 3, 0 ], "rotation": 90, "texture": "#texture" },
        "up":    { "uv": [ 3, 0, 5, 3 ], "rotation": 90, "texture": "#texture" },
        "west":  { "uv": [ 3, 0, 5, 3 ], "texture": "#texture" },
        "east":  { "uv": [ 5, 0, 3, 3 ], "texture": "#texture" }
    }
},
{
    "from": [ 0, 0, 3 ],
    "to": [ 3, 1, 5 ],
    "faces": {
        "down":  { "uv": [ 3, 16, 1, 13 ], "rotation": 90, "texture": "#texture" },
        "up":    { "uv": [ 1, 13, 3, 16 ], "rotation": 90, "texture": "#texture" },
        "west":  { "uv": [ 3, 15, 5, 16 ], "texture": "#texture" },
        "east":  { "uv": [ 5, 15, 3, 16 ], "texture": "#texture" }
    }
},
{
    "from": [ 0, 13, 7 ],
    "to": [ 3, 16, 9 ],
    "faces": {
        "down":  { "uv": [ 9, 3, 7, 0 ], "rotation": 90, "texture": "#texture" },
        "up":    { "uv": [ 7, 0, 9, 3 ], "rotation": 90, "texture": "#texture" },
        "west":  { "uv": [ 7, 0, 9, 3 ], "texture": "#texture" },
        "east":  { "uv": [ 9, 0, 7, 3 ], "texture": "#texture" }
    }
},
{
    "from": [ 0, 0, 7 ],
    "to": [ 3, 1, 9 ],
    "faces": {
        "down":  { "uv": [ 3, 16, 1, 13 ], "rotation": 90, "texture": "#texture" },
        "up":    { "uv": [ 1, 13, 3, 16 ], "rotation": 90, "texture": "#texture" },
        "west":  { "uv": [ 7, 15, 9, 16 ], "texture": "#texture" },
        "east":  { "uv": [ 9, 15, 7, 16 ], "texture": "#texture" }
    }
},
{
    "from": [ 0, 13, 11 ],
    "to": [ 3, 16, 13 ],
    "faces": {
        "down":  { "uv": [ 13, 3, 11, 0 ], "rotation": 90, "texture": "#texture" },
        "up":    { "uv": [ 11, 0, 13, 3 ], "rotation": 90, "texture": "#texture" },
        "west":  { "uv": [ 11, 0, 13, 3 ], "texture": "#texture" },
        "east":  { "uv": [ 13, 0, 11, 3 ], "texture": "#texture" }
    }
},
{
    "from": [ 0, 0, 11 ],
    "to": [ 3, 1, 13 ],
    "faces": {
        "down":  { "uv": [ 3, 16, 1, 13 ], "rotation": 90, "texture": "#texture" },
        "up":    { "uv": [ 1, 13, 3, 16 ], "rotation": 90, "texture": "#texture" },
        "west":  { "uv": [ 11, 15, 13, 16 ], "texture": "#texture" },
        "east":  { "uv": [ 13, 15, 11, 16 ], "texture": "#texture" }
    }
}
]
}