{
"__comment": "Fair warning, this format is highly likely to change even more in the future!",
"textures": {
    "particle": "blocks/rail_activator_powered",
    "rail": "blocks/rail_activator_powered"
},
"elements": [ 
{
    "from": [ 2, 1, 0 ],
    "to": [ 4, 1.5, 16 ],
    "faces": {
        "down":  { "uv": [ 2, 0, 4, 16 ], "texture": "#rail" },
        "up":    { "uv": [ 2, 0, 4, 16 ], "texture": "#rail" },
        "north": { "uv": [ 2, 0, 4, 16 ], "texture": "#rail" },
        "south": { "uv": [ 2, 0, 4, 16 ], "texture": "#rail" },
        "west":  { "uv": [ 2, 0, 3, 16 ], "texture": "#rail" },
        "east":  { "uv": [ 3, 0, 4, 16 ], "texture": "#rail" }
    }
},
{
    "from": [ 12, 1, 0 ],
    "to": [ 14, 1.5, 16 ],
    "faces": {
        "down":  { "uv": [ 12, 0, 14, 16 ], "texture": "#rail" },
        "up":    { "uv": [ 12, 0, 14, 16 ], "texture": "#rail" },
        "north": { "uv": [ 2, 0, 4, 16 ], "texture": "#rail" },
        "south": { "uv": [ 2, 0, 4, 16 ], "texture": "#rail" },
        "west":  { "uv": [ 3, 0, 4, 16 ], "texture": "#rail" },
        "east":  { "uv": [ 2, 0, 3, 16 ], "texture": "#rail" }
    }
},
{
    "from": [ 1, 0, 1 ],
    "to": [ 15, 1, 3 ],
    "faces": {
        "down":  { "uv": [ 5, 1, 11, 3 ], "texture": "#rail" },
        "up":    { "uv": [ 1, 1, 15, 3 ], "texture": "#rail" },
        "north": { "uv": [ 6, 1, 10, 3 ], "texture": "#rail" },
        "south": { "uv": [ 6, 1, 10, 3 ], "texture": "#rail" },
        "west":  { "uv": [ 14, 1, 15, 3 ], "texture": "#rail" },
        "east":  { "uv": [ 14, 1, 15, 3 ], "texture": "#rail" }
    }
},
{
    "from": [ 1, 0, 5 ],
    "to": [ 15, 1, 7 ],
    "faces": {
        "down":  { "uv": [ 5, 5, 11, 7 ], "texture": "#rail" },
        "up":    { "uv": [ 1, 5, 15, 7 ], "texture": "#rail" },
        "north": { "uv": [ 6, 5, 10, 7 ], "texture": "#rail" },
        "south": { "uv": [ 6, 5, 10, 7 ], "texture": "#rail" },
        "west":  { "uv": [ 14, 1, 15, 3 ], "texture": "#rail" },
        "east":  { "uv": [ 14, 5, 15, 7 ], "texture": "#rail" }
    }
},
{
    "from": [ 1, 0, 9 ],
    "to": [ 15, 1, 11 ],
    "faces": {
        "down":  { "uv": [ 5, 9, 11, 11 ], "texture": "#rail" },
        "up":    { "uv": [ 1, 9, 15, 11 ], "texture": "#rail" },
        "north": { "uv": [ 6, 9, 10, 11 ], "texture": "#rail" },
        "south": { "uv": [ 6, 9, 10, 11 ], "texture": "#rail" },
        "west":  { "uv": [ 14, 9, 15, 11 ], "texture": "#rail" },
        "east":  { "uv": [ 14, 9, 15, 11 ], "texture": "#rail" }
    }
},
{
    "from": [ 1, 0, 13 ],
    "to": [ 15, 1, 15 ],
    "faces": {
        "down":  { "uv": [ 5, 13, 11, 15 ], "texture": "#rail" },
        "up":    { "uv": [ 1, 13, 15, 15 ], "texture": "#rail" },
        "north": { "uv": [ 6, 13, 10, 15 ], "texture": "#rail" },
        "south": { "uv": [ 6, 13, 10, 15 ], "texture": "#rail" },
        "west":  { "uv": [ 14, 13, 15, 15 ], "texture": "#rail" },
        "east":  { "uv": [ 14, 13, 15, 15 ], "texture": "#rail" }
    }
},
{
    "from": [ 7, 0.25, 3 ],
    "to": [ 9, 0.75, 13 ],
    "faces": {
        "down":  { "uv": [ 7, 3, 9, 13 ], "texture": "#rail" },
        "up":    { "uv": [ 7, 3, 9, 13 ], "texture": "#rail" },
        "north": { "uv": [ 7, 7, 9, 9 ], "texture": "#rail" },
        "south": { "uv": [ 7, 7, 9, 9 ], "texture": "#rail" },
        "west":  { "uv": [ 7, 7, 9, 9 ], "texture": "#rail" },
        "east":  { "uv": [ 7, 7, 9, 9 ], "texture": "#rail" }
    }
},
{
    "from": [ 4, 1, 3 ],
    "to": [ 4.5, 2, 5 ],
    "faces": {
        "down":  { "uv": [ 2.5, 3, 3, 5 ], "texture": "#rail" },
        "up":    { "uv": [ 2.5, 2.5, 3, 4.5 ], "texture": "#rail" },
        "north": { "uv": [ 2.5, 14, 3, 15 ], "texture": "#rail" },
        "south": { "uv": [ 2.5, 14.5, 3, 15.5 ], "texture": "#rail" },
        "west":  { "uv": [ 2, 13, 3, 15 ], "texture": "#rail" },
        "east":  { "uv": [ 2, 13, 3, 15 ], "texture": "#rail" }
    }
},
{
    "from": [ 4, 1, 7 ],
    "to": [ 4.5, 2, 9 ],
    "faces": {
        "down":  { "uv": [ 13.5, 9, 13, 7 ], "texture": "#rail" },
        "up":    { "uv": [ 2.5, 7, 3, 9 ], "texture": "#rail" },
        "north": { "uv": [ 13, 13.5, 13.5, 14.5 ], "texture": "#rail" },
        "south": { "uv": [ 2.5, 14.5, 3, 15.5 ], "texture": "#rail" },
        "west":  { "uv": [ 2, 13, 3, 15 ], "texture": "#rail" },
        "east":  { "uv": [ 13, 14, 14, 16 ], "texture": "#rail" }
    }
},
{
    "from": [ 4, 1, 11 ],
    "to": [ 4.5, 2, 13 ],
    "faces": {
        "down":  { "uv": [ 13.5, 12.5, 13, 10.5 ], "texture": "#rail" },
        "up":    { "uv": [ 2.5, 11, 3, 13 ], "texture": "#rail" },
        "north": { "uv": [ 13, 14.5, 13.5, 15.5 ], "texture": "#rail" },
        "south": { "uv": [ 2.5, 14.5, 3, 15.5 ], "texture": "#rail" },
        "west":  { "uv": [ 13, 13, 14, 15 ], "texture": "#rail" },
        "east":  { "uv": [ 2, 14, 3, 16 ], "texture": "#rail" }
    }
},
{
    "from": [ 11.5, 1, 3 ],
    "to": [ 12, 2, 5 ],
    "faces": {
        "down":  { "uv": [ 3, 5, 2.5, 3 ], "texture": "#rail" },
        "up":    { "uv": [ 13, 3, 13.5, 5 ], "texture": "#rail" },
        "north": { "uv": [ 2.5, 14.5, 3, 15.5 ], "texture": "#rail" },
        "south": { "uv": [ 13, 14, 13.5, 15 ], "texture": "#rail" },
        "west":  { "uv": [ 2, 14, 3, 16 ], "texture": "#rail" },
        "east":  { "uv": [ 13, 14, 14, 16 ], "texture": "#rail" }
    }
},
{
    "from": [ 11.5, 1, 7 ],
    "to": [ 12, 2, 9 ],
    "faces": {
        "down":  { "uv": [ 3, 9, 2.5, 7 ], "texture": "#rail" },
        "up":    { "uv": [ 13, 7, 13.5, 9 ], "texture": "#rail" },
        "north": { "uv": [ 2.5, 14.5, 3, 15.5 ], "texture": "#rail" },
        "south": { "uv": [ 13, 14, 13.5, 15 ], "texture": "#rail" },
        "west":  { "uv": [ 2, 14, 3, 16 ], "texture": "#rail" },
        "east":  { "uv": [ 13, 13, 14, 15 ], "texture": "#rail" }
    }
},
{
    "from": [ 11.5, 1, 11 ],
    "to": [ 12, 2, 13 ],
    "faces": {
        "down":  { "uv": [ 3, 13, 2.5, 11 ], "texture": "#rail" },
        "up":    { "uv": [ 13, 11, 13.5, 13 ], "texture": "#rail" },
        "north": { "uv": [ 2.5, 14.5, 3, 15.5 ], "texture": "#rail" },
        "south": { "uv": [ 13, 14.5, 13.5, 15.5 ], "texture": "#rail" },
        "west":  { "uv": [ 13, 14, 14, 16 ], "texture": "#rail" },
        "east":  { "uv": [ 2, 14, 3, 16 ], "texture": "#rail" }
    }
}
]
}