{
"ambientocclusion": false,
"textures": {
    "particle": "blocks/cauldron_side",
    "inside": "blocks/cauldron_inner",
    "top": "blocks/cauldron_top",
    "side": "blocks/cauldron_side",
    "bottom": "blocks/cauldron_bottom"
},
"elements": [ 
{
    "from": [ 0, 3, 0 ],
    "to": [ 16, 16, 2 ],
    "faces": {
        "down":  { "uv": [ 0, 0, 2, 16 ], "rotation": 270, "texture": "#inside" },
        "up":    { "uv": [ 0, 0, 2, 16 ], "rotation": 90, "texture": "#top", "cullface": "up" },
        "north": { "uv": [ 0, 0, 16, 13 ], "texture": "#side", "cullface": "north" },
        "south": { "uv": [ 0, 0, 16, 13 ], "texture": "#side" },
        "west":  { "uv": [ 0, 0, 2, 13 ], "texture": "#side", "cullface": "west" },
        "east":  { "uv": [ 2, 0, 0, 13 ], "texture": "#side", "cullface": "east" }
    }
},
{
    "from": [ 2, 3, 2 ],
    "to": [ 14, 4, 14 ],
    "faces": {
        "down":  { "uv": [ 2, 2, 14, 14 ], "rotation": 270, "texture": "#inside" },
        "up":    { "uv": [ 2, 2, 14, 14 ], "rotation": 90, "texture": "#inside" },
        "north": { "uv": [ 0, 0, 16, 13 ], "texture": "#side" },
        "south": { "uv": [ 0, 0, 16, 13 ], "texture": "#side" },
        "west":  { "uv": [ 0, 0, 2, 13 ], "texture": "#side" },
        "east":  { "uv": [ 2, 0, 0, 13 ], "texture": "#side" }
    }
},
{
    "from": [ 0, 3, 14 ],
    "to": [ 16, 16, 16 ],
    "faces": {
        "down":  { "uv": [ 14, 0, 16, 16 ], "rotation": 270, "texture": "#inside" },
        "up":    { "uv": [ 14, 0, 16, 16 ], "rotation": 90, "texture": "#top", "cullface": "up" },
        "north": { "uv": [ 0, 0, 16, 13 ], "texture": "#side" },
        "south": { "uv": [ 0, 0, 16, 13 ], "texture": "#side", "cullface": "south" },
        "west":  { "uv": [ 14, 0, 16, 13 ], "texture": "#side", "cullface": "west" },
        "east":  { "uv": [ 16, 0, 14, 13 ], "texture": "#side", "cullface": "east" }
    }
},
{
    "from": [ 14, 3, 2 ],
    "to": [ 16, 16, 14 ],
    "faces": {
        "down":  { "uv": [ 2, 0, 14, 2 ], "rotation": 270, "texture": "#inside" },
        "up":    { "uv": [ 2, 0, 14, 2 ], "rotation": 90, "texture": "#top", "cullface": "up" },
        "north": { "uv": [ 0, 0, 2, 13 ], "texture": "#side" },
        "south": { "uv": [ 0, 0, 2, 13 ], "texture": "#side" },
        "west":  { "uv": [ 2, 0, 14, 13 ], "texture": "#side" },
        "east":  { "uv": [ 2, 0, 14, 13 ], "texture": "#side", "cullface": "east" }
    }
},
{
    "from": [ 0, 3, 2 ],
    "to": [ 2, 16, 14 ],
    "faces": {
        "down":  { "uv": [ 2, 14, 14, 16 ], "rotation": 270, "texture": "#inside" },
        "up":    { "uv": [ 2, 14, 14, 16 ], "rotation": 90, "texture": "#top", "cullface": "up" },
        "north": { "uv": [ 14, 0, 16, 13 ], "texture": "#side" },
        "south": { "uv": [ 14, 0, 16, 13 ], "texture": "#side" },
        "west":  { "uv": [ 2, 0, 14, 13 ], "texture": "#side", "cullface": "west" },
        "east":  { "uv": [ 2, 0, 14, 13 ], "texture": "#side" }
    }
},
{
    "from": [ 14, 0, 0 ],
    "to": [ 16, 3, 4 ],
    "faces": {
        "down":  { "uv": [ 0, 0, 4, 2 ], "rotation": 270, "texture": "#bottom", "cullface": "down" },
        "up":    { "uv": [ 0, 0, 2, 16 ], "rotation": 90, "texture": "#top" },
        "north": { "uv": [ 0, 13, 2, 16 ], "texture": "#side", "cullface": "north" },
        "south": { "uv": [ 0, 13, 2, 16 ], "texture": "#side" },
        "west":  { "uv": [ 0, 13, 4, 16 ], "texture": "#side" },
        "east":  { "uv": [ 4, 13, 0, 16 ], "texture": "#side", "cullface": "east" }
    }
},
{
    "from": [ 12, 0, 0 ],
    "to": [ 14, 3, 2 ],
    "faces": {
        "down":  { "uv": [ 0, 2, 2, 4 ], "rotation": 270, "texture": "#bottom", "cullface": "down" },
        "up":    { "uv": [ 0, 0, 2, 16 ], "rotation": 90, "texture": "#top" },
        "north": { "uv": [ 2, 13, 4, 16 ], "texture": "#side", "cullface": "north" },
        "south": { "uv": [ 2, 13, 4, 16 ], "texture": "#side" },
        "west":  { "uv": [ 0, 13, 2, 16 ], "texture": "#side" },
        "east":  { "uv": [ 2, 13, 0, 16 ], "texture": "#side" }
    }
},
{
    "from": [ 14, 0, 12 ],
    "to": [ 16, 3, 16 ],
    "faces": {
        "down":  { "uv": [ 12, 0, 16, 2 ], "rotation": 270, "texture": "#bottom", "cullface": "down" },
        "up":    { "uv": [ 0, 0, 2, 16 ], "rotation": 90, "texture": "#top" },
        "north": { "uv": [ 0, 13, 2, 16 ], "texture": "#side" },
        "south": { "uv": [ 0, 13, 2, 16 ], "texture": "#side", "cullface": "south" },
        "west":  { "uv": [ 12, 13, 16, 16 ], "texture": "#side" },
        "east":  { "uv": [ 16, 13, 12, 16 ], "texture": "#side", "cullface": "east" }
    }
},
{
    "from": [ 12, 0, 14 ],
    "to": [ 14, 3, 16 ],
    "faces": {
        "down":  { "uv": [ 14, 2, 16, 4 ], "rotation": 270, "texture": "#bottom", "cullface": "down" },
        "up":    { "uv": [ 0, 0, 2, 16 ], "rotation": 90, "texture": "#top" },
        "north": { "uv": [ 4, 13, 2, 16 ], "texture": "#side" },
        "south": { "uv": [ 4, 13, 2, 16 ], "texture": "#side", "cullface": "south" },
        "west":  { "uv": [ 14, 13, 16, 16 ], "texture": "#side" },
        "east":  { "uv": [ 16, 13, 14, 16 ], "texture": "#side" }
    }
},
{
    "from": [ 0, 0, 0 ],
    "to": [ 2, 3, 4 ],
    "faces": {
        "down":  { "uv": [ 14, 0, 16, 4 ], "rotation": 270, "texture": "#bottom", "cullface": "down" },
        "up":    { "uv": [ 14, 0, 16, 16 ], "rotation": 90, "texture": "#top" },
        "north": { "uv": [ 14, 13, 16, 16 ], "texture": "#side", "cullface": "north" },
        "south": { "uv": [ 14, 13, 16, 16 ], "texture": "#side" },
        "west":  { "uv": [ 0, 13, 4, 16 ], "texture": "#side", "cullface": "west" },
        "east":  { "uv": [ 4, 13, 0, 16 ], "texture": "#side" }
    }
},
{
    "from": [ 2, 0, 0 ],
    "to": [ 4, 3, 2 ],
    "faces": {
        "down":  { "uv": [ 13, 0, 15, 4 ], "rotation": 270, "texture": "#bottom", "cullface": "down" },
        "up":    { "uv": [ 14, 0, 16, 16 ], "rotation": 90, "texture": "#top" },
        "north": { "uv": [ 12, 13, 14, 16 ], "texture": "#side", "cullface": "north" },
        "south": { "uv": [ 12, 13, 14, 16 ], "texture": "#side" },
        "west":  { "uv": [ 0, 13, 2, 16 ], "texture": "#side" },
        "east":  { "uv": [ 2, 13, 0, 16 ], "texture": "#side" }
    }
},
{
    "from": [ 0, 0, 12 ],
    "to": [ 2, 3, 16 ],
    "faces": {
        "down":  { "uv": [ 14, 12, 16, 16 ], "rotation": 270, "texture": "#bottom", "cullface": "down" },
        "up":    { "uv": [ 14, 0, 16, 16 ], "rotation": 90, "texture": "#top" },
        "north": { "uv": [ 14, 13, 16, 16 ], "texture": "#side" },
        "south": { "uv": [ 14, 13, 16, 16 ], "texture": "#side", "cullface": "south" },
        "west":  { "uv": [ 12, 13, 16, 16 ], "texture": "#side", "cullface": "west" },
        "east":  { "uv": [ 16, 13, 12, 16 ], "texture": "#side" }
    }
},
{
    "from": [ 2, 0, 14 ],
    "to": [ 4, 3, 16 ],
    "faces": {
        "down":  { "uv": [ 14, 12, 16, 14 ], "rotation": 270, "texture": "#bottom", "cullface": "down" },
        "up":    { "uv": [ 14, 0, 16, 16 ], "rotation": 90, "texture": "#top" },
        "north": { "uv": [ 14, 13, 12, 16 ], "texture": "#side" },
        "south": { "uv": [ 14, 13, 12, 16 ], "texture": "#side", "cullface": "south" },
        "west":  { "uv": [ 14, 13, 16, 16 ], "texture": "#side" },
        "east":  { "uv": [ 16, 13, 14, 16 ], "texture": "#side" }
    }
}
],
"display": {
    "thirdperson": {
        "rotation": [ 10, -45, 170 ],
        "translation": [ 0, 1.5, -2.75 ],
        "scale": [ 0.375, 0.375, 0.375 ]
    },
    "ground": {
        "rotation": [ 0, 0, 0 ],
        "translation": [ 0, 0, 0 ],
        "scale": [ 1, 1, 1 ]
    },
    "firstperson": {
        "rotation": [ 0, 0, 0 ],
        "translation": [ 0, 0, 0 ],
        "scale": [ 1, 1, 1 ]
    },
    "gui": {
        "rotation": [ 0, 0, 0 ],
        "translation": [ 0, 0, 0 ],
        "scale": [ 1, 1, 1 ]
    }
}
}