{
    "__comment": "Fair warning, this format is highly likely to change even more in the future!",
    "ambientocclusion": false,
    "inventoryRender3D": false,
	"textures": {
        "particle": "blocks/cocoa_stage_1",
        "cocoa": "blocks/cocoa_stage_1"
    },
    "elements": [ 
{
    
    "from": [ 7.5, 14, 14 ],
    "to": [ 8.5, 16, 16 ],
    "faces": {
        "down": {
            "uv": [ 14, 1, 16, 2 ],
            "texture": "#cocoa"
        },
        "up": {
            "uv": [ 14, 1, 16, 2 ],
            "texture": "#cocoa"
        },
        "north": {
            "uv": [ 14, 0, 16, 2 ],
            "texture": "#cocoa"
        },
        "south": {
            "uv": [ 14, 0, 16, 2 ],
            "texture": "#cocoa"
        },
        "west": {
            "uv": [ 14, 0, 15, 2 ],
            "texture": "#cocoa"
        },
        "east": {
            "uv": [ 15, 0, 16, 2 ],
            "texture": "#cocoa"
        }
    }
},
{
    
    "from": [ 7.5, 14, 13 ],
    "to": [ 8.5, 15, 14 ],
    "faces": {
        "down": {
            "uv": [ 13, 1, 14, 2 ],
            "texture": "#cocoa"
        },
        "up": {
            "uv": [ 13, 1, 14, 2 ],
            "texture": "#cocoa"
        },
        "north": {
            "uv": [ 13, 1, 14, 2 ],
            "texture": "#cocoa"
        },
        "south": {
            "uv": [ 13, 1, 14, 2 ],
            "texture": "#cocoa"
        },
        "west": {
            "uv": [ 13, 1, 14, 2 ],
            "texture": "#cocoa"
        },
        "east": {
            "uv": [ 13, 1, 14, 2 ],
            "texture": "#cocoa"
        }
    }
},
{
    
    "from": [ 7, 12, 12 ],
    "to": [ 9, 14, 15 ],
    "faces": {
        "down": {
            "uv": [ 12, 2, 15, 4 ],
            "texture": "#cocoa"
        },
        "up": {
            "uv": [ 12, 2, 15, 4 ],
            "texture": "#cocoa"
        },
        "north": {
            "uv": [ 12, 2, 15, 4 ],
            "texture": "#cocoa"
        },
        "south": {
            "uv": [ 12, 2, 15, 4 ],
            "texture": "#cocoa"
        },
        "west": {
            "uv": [ 12, 2, 14, 4 ],
            "texture": "#cocoa"
        },
        "east": {
            "uv": [ 12, 2, 14, 4 ],
            "texture": "#cocoa"
        }
    }
},
{
    
    "from": [ 5, 5, 9 ],
    "to": [ 11, 12, 15 ],
    "faces": {
        "down": {
            "uv": [ 0, 0, 6, 6 ],
            "texture": "#cocoa"
        },
        "up": {
            "uv": [ 0, 0, 6, 6 ],
            "texture": "#cocoa"
        },
        "north": {
            "uv": [ 9, 4, 15, 11 ],
            "texture": "#cocoa"
        },
        "south": {
            "uv": [ 9, 4, 15, 11 ],
            "texture": "#cocoa"
        },
        "west": {
            "uv": [ 9, 4, 15, 11 ],
            "texture": "#cocoa"
        },
        "east": {
            "uv": [ 9, 4, 15, 11 ],
            "texture": "#cocoa"
        }
    }
}
]
}
