{
"__comment": "Designed by Vincihd with BDcraft Cubik PRO 0.96 Beta - http://bdcraft.net",
"textures": {
    "particle": "blocks/furnace_front_off",
    "down": "blocks/furnace_top",
    "up": "blocks/furnace_top",
    "north": "blocks/furnace_front_off",
    "south": "blocks/furnace_side",
    "west": "blocks/furnace_side",
    "east": "blocks/furnace_side"
},
"elements": [ 
{
    "__comment": "OUT",
    "from": [ 0, 0, 15 ],
    "to": [ 16, 16, 16 ],
    "faces": {
        "down":  { "uv": [ 0, 15, 16, 16 ], "texture": "#down" },
        "up":    { "uv": [ 0, 15, 16, 16 ], "texture": "#up" },
        "north": { "uv": [ 16, 0, 0, 16 ], "texture": "#north" },
        "south": { "uv": [ 0, 0, 16, 16 ], "texture": "#south" },
        "west":  { "uv": [ 15, 0, 16, 16 ], "texture": "#west" },
        "east":  { "uv": [ 16, 0, 15, 16 ], "texture": "#east" }
    }
},
{
    "__comment": "OUT",
    "from": [ 0, 0, 0 ],
    "to": [ 1, 16, 15 ],
    "faces": {
        "down":  { "uv": [ 0, 0, 1, 15 ], "texture": "#down" },
        "up":    { "uv": [ 0, 0, 1, 15 ], "texture": "#up" },
        "north": { "uv": [ 1, 0, 0, 16 ], "texture": "#north" },
        "west":  { "uv": [ 0, 0, 15, 16 ], "texture": "#west" },
        "east":  { "uv": [ 15, 0, 0, 16 ], "texture": "#east" }
    }
},
{
    "__comment": "OUT",
    "from": [ 15, 0, 0 ],
    "to": [ 16, 16, 15 ],
    "faces": {
        "down":  { "uv": [ 15, 0, 16, 15 ], "texture": "#down" },
        "up":    { "uv": [ 15, 0, 16, 15 ], "texture": "#up" },
        "north": { "uv": [ 16, 0, 15, 16 ], "texture": "#north" },
        "west":  { "uv": [ 0, 0, 15, 16 ], "texture": "#west" },
        "east":  { "uv": [ 15, 0, 0, 16 ], "texture": "#east" }
    }
},
{
    "__comment": "OUT",
    "from": [ 1, 0, 0 ],
    "to": [ 15, 1, 15 ],
    "faces": {
        "down":  { "uv": [ 1, 0, 15, 15 ], "texture": "#down" },
        "up":    { "uv": [ 1, 0, 15, 15 ], "texture": "#up" },
        "north": { "uv": [ 15, 15, 1, 16 ], "texture": "#north" }
    }
},
{
    "__comment": "OUT",
    "from": [ 1, 15, 0 ],
    "to": [ 15, 16, 15 ],
    "faces": {
        "down":  { "uv": [ 1, 0, 15, 15 ], "texture": "#down" },
        "up":    { "uv": [ 1, 0, 15, 15 ], "texture": "#up" },
        "north": { "uv": [ 15, 0, 1, 1 ], "texture": "#north" }
    }
},
{
    "from": [ 1, 12, 0 ],
    "to": [ 15, 15, 1 ],
    "faces": {
        "down":  { "uv": [ 1, 0, 15, 1 ], "texture": "#down" },
        "north": { "uv": [ 15, 1, 1, 4 ], "texture": "#north" },
        "south": { "uv": [ 1, 1, 15, 4 ], "texture": "#south" }
    }
},
{
    "from": [ 1, 1, 0 ],
    "to": [ 3, 12, 1 ],
    "faces": {
        "north": { "uv": [ 3, 4, 1, 15 ], "texture": "#north" },
        "south": { "uv": [ 1, 4, 3, 15 ], "texture": "#south" },
        "east":  { "uv": [ 1, 4, 0, 15 ], "texture": "#east" }
    }
},
{
    "from": [ 3, 3, 0 ],
    "to": [ 4, 12, 1 ],
    "faces": {
        "down":  { "uv": [ 3, 0, 4, 1 ], "texture": "#down" },
        "north": { "uv": [ 4, 4, 3, 13 ], "texture": "#north" },
        "south": { "uv": [ 3, 4, 4, 13 ], "texture": "#south" },
        "east":  { "uv": [ 1, 4, 0, 13 ], "texture": "#east" }
    }
},
{
    "from": [ 12, 3, 0 ],
    "to": [ 13, 12, 1 ],
    "faces": {
        "down":  { "uv": [ 12, 0, 13, 1 ], "texture": "#down" },
        "north": { "uv": [ 13, 4, 12, 13 ], "texture": "#north" },
        "south": { "uv": [ 12, 4, 13, 13 ], "texture": "#south" },
        "west":  { "uv": [ 0, 4, 1, 13 ], "texture": "#west" }
    }
},
{
    "from": [ 13, 1, 0 ],
    "to": [ 15, 12, 1 ],
    "faces": {
        "north": { "uv": [ 15, 4, 13, 15 ], "texture": "#north" },
        "south": { "uv": [ 13, 4, 15, 15 ], "texture": "#south" },
        "west":  { "uv": [ 0, 4, 1, 15 ], "texture": "#west" }
    }
},
{
    "from": [ 4, 11, 0 ],
    "to": [ 5, 12, 1 ],
    "faces": {
        "down":  { "uv": [ 4, 0, 5, 1 ], "texture": "#down" },
        "north": { "uv": [ 5, 4, 4, 5 ], "texture": "#north" },
        "east":  { "uv": [ 1, 4, 0, 5 ], "texture": "#east" }
    }
},
{
    "from": [ 11, 11, 0 ],
    "to": [ 12, 12, 1 ],
    "faces": {
        "down":  { "uv": [ 11, 0, 12, 1 ], "texture": "#down" },
        "north": { "uv": [ 12, 4, 11, 5 ], "texture": "#north" },
        "west":  { "uv": [ 0, 4, 1, 5 ], "texture": "#west" }
    }
},
{
    "from": [ 4, 5, 0 ],
    "to": [ 12, 9, 1 ],
    "faces": {
        "down":  { "uv": [ 4, 0, 12, 1 ], "texture": "#down" },
        "up":    { "uv": [ 4, 0, 12, 1 ], "texture": "#up" },
        "north": { "uv": [ 12, 7, 4, 11 ], "texture": "#north" },
        "south": { "uv": [ 4, 7, 12, 11 ], "texture": "#south" }
    }
},
{
    "from": [ 4, 4, 0 ],
    "to": [ 6, 5, 1 ],
    "faces": {
        "down":  { "uv": [ 4, 0, 6, 1 ], "texture": "#down" },
        "north": { "uv": [ 6, 11, 4, 12 ], "texture": "#north" },
        "east":  { "uv": [ 1, 11, 0, 12 ], "texture": "#east" }
    }
},
{
    "from": [ 10, 4, 0 ],
    "to": [ 12, 5, 1 ],
    "faces": {
        "down":  { "uv": [ 10, 0, 12, 1 ], "texture": "#down" },
        "north": { "uv": [ 12, 11, 10, 12 ], "texture": "#north" },
        "west":  { "uv": [ 0, 11, 1, 12 ], "texture": "#west" }
    }
},
{
    "__comment": "TOP INSIDE",
    "from": [ 4, 8, 1 ],
    "to": [ 12, 9, 4 ],
    "faces": {
        "down":  { "uv": [ 4, 1, 12, 4 ], "texture": "#down" },
        "up":    { "uv": [ 4, 1, 12, 4 ], "texture": "#up" },
        "south": { "uv": [ 4, 7, 12, 8 ], "texture": "#south" },
        "west":  { "uv": [ 1, 7, 4, 8 ], "texture": "#west" },
        "east":  { "uv": [ 4, 7, 1, 8 ], "texture": "#east" }
    }
},
{
    "__comment": "TOP INSIDE",
    "from": [ 12, 9, 1 ],
    "to": [ 13, 11, 4 ],
    "faces": {
        "down":  { "uv": [ 12, 1, 13, 4 ], "texture": "#down" },
        "up":    { "uv": [ 12, 1, 13, 4 ], "texture": "#up" },
        "south": { "uv": [ 12, 5, 13, 7 ], "texture": "#south" },
        "west":  { "uv": [ 1, 5, 4, 7 ], "texture": "#west" },
        "east":  { "uv": [ 1, 5, 4, 7 ], "texture": "#east" }
    }
},
{
    "__comment": "TOP INSIDE",
    "from": [ 3, 9, 1 ],
    "to": [ 4, 11, 4 ],
    "faces": {
        "down":  { "uv": [ 3, 1, 4, 4 ], "texture": "#down" },
        "up":    { "uv": [ 3, 1, 4, 4 ], "texture": "#up" },
        "south": { "uv": [ 3, 5, 4, 7 ], "texture": "#south" },
        "west":  { "uv": [ 1, 5, 4, 7 ], "texture": "#west" },
        "east":  { "uv": [ 1, 5, 4, 7 ], "texture": "#east" }
    }
},
{
    "__comment": "TOP INSIDE",
    "from": [ 4, 11, 1 ],
    "to": [ 5, 12, 4 ],
    "faces": {
        "down":  { "uv": [ 4, 1, 5, 4 ], "texture": "#down" },
        "up":    { "uv": [ 4, 1, 5, 4 ], "texture": "#up" },
        "west":  { "uv": [ 1, 4, 4, 5 ], "texture": "#west" },
        "east":  { "uv": [ 1, 4, 4, 5 ], "texture": "#east" }
    }
},
{
    "__comment": "TOP INSIDE",
    "from": [ 11, 11, 1 ],
    "to": [ 12, 12, 4 ],
    "faces": {
        "down":  { "uv": [ 4, 1, 5, 4 ], "texture": "#down" },
        "up":    { "uv": [ 4, 1, 5, 4 ], "texture": "#up" },
        "west":  { "uv": [ 1, 4, 4, 5 ], "texture": "#west" },
        "east":  { "uv": [ 1, 4, 4, 5 ], "texture": "#east" }
    }
},
{
    "__comment": "TOP INSIDE",
    "from": [ 5, 12, 1 ],
    "to": [ 11, 13, 4 ],
    "faces": {
        "down":  { "uv": [ 5, 1, 11, 4 ], "texture": "#down" },
        "up":    { "uv": [ 5, 1, 11, 4 ], "texture": "#up" },
        "south": { "uv": [ 5, 3, 11, 4 ], "texture": "#south" },
        "west":  { "uv": [ 1, 3, 4, 4 ], "texture": "#west" },
        "east":  { "uv": [ 1, 3, 4, 4 ], "texture": "#east" }
    }
},
{
    "__comment": "TOP INSIDE",
    "from": [ 4, 9, 4 ],
    "to": [ 12, 12, 5 ],
    "faces": {
        "down":  { "uv": [ 4, 4, 12, 5 ], "texture": "#down" },
        "up":    { "uv": [ 4, 4, 12, 5 ], "texture": "#up" },
        "north": { "uv": [ 12, 4, 4, 7 ], "texture": "#north" },
        "south": { "uv": [ 4, 4, 12, 7 ], "texture": "#south" },
        "west":  { "uv": [ 4, 4, 5, 7 ], "texture": "#west" },
        "east":  { "uv": [ 5, 4, 4, 7 ], "texture": "#east" }
    }
},
{
    "from": [ 2, 0, 1 ],
    "to": [ 14, 5, 2 ],
    "faces": {
        "down":  { "uv": [ 2, 1, 14, 2 ], "texture": "#down" },
        "up":    { "uv": [ 2, 1, 14, 2 ], "texture": "#up" },
        "north": { "uv": [ 14, 11, 2, 16 ], "texture": "#north" },
        "south": { "uv": [ 2, 11, 14, 16 ], "texture": "#south" },
        "west":  { "uv": [ 1, 11, 2, 16 ], "texture": "#west" },
        "east":  { "uv": [ 2, 11, 1, 16 ], "texture": "#east" }
    }
}
],
"display": {
    "thirdperson_righthand": {
        "rotation": [ 75, 45, 0 ],
        "translation": [ 0, 2.5, 0 ],
        "scale": [ 0.375, 0.375, 0.375 ]
    },
    "thirdperson_lefthand": {
        "rotation": [ 75, 45, 0 ],
        "translation": [ 0, 2.5, 0 ],
        "scale": [ 0.375, 0.375, 0.375 ]
    },
    "head": {
        "rotation": [ 0, 0, 0 ],
        "translation": [ 0, 0, 0 ],
        "scale": [ 1, 1, 1 ]
    },
    "ground": {
        "rotation": [ 0, 0, 0 ],
        "translation": [ 0, 3, 0 ],
        "scale": [ 0.25, 0.25, 0.25 ]
    },
    "firstperson_righthand": {
        "rotation": [ 0, 45, 0 ],
        "translation": [ 0, 0, 0 ],
        "scale": [ 0.4, 0.4, 0.4 ]
    },
    "firstperson_lefthand": {
        "rotation": [ 0, 45, 0 ],
        "translation": [ 0, 0, 0 ],
        "scale": [ 0.4, 0.4, 0.4 ]
    },
    "gui": {
        "rotation": [ 30, 225, 0 ],
        "translation": [ 0, 0, 0 ],
        "scale": [ 0.625, 0.625, 0.625 ]
    }
}
}