{
"textures": {
    "particle": "blocks/iron_bars",
    "bars": "blocks/iron_bars",
    "edge": "blocks/iron_bars"
},
"elements": [ 
{
    "from": [ 7, 0, 0 ],
    "to": [ 9, 16, 7 ],
    "faces": {
        "north": { "uv": [ 7, 0, 9, 16 ], "texture": "#edge", "cullface": "north" }
    }
},
{
    "from": [ 7, 0.001, 0 ],
    "to": [ 9, 0.0635, 7 ],
    "faces": {
        "down":  { "uv": [ 9, 0, 7, 7 ], "texture": "#edge" },
        "up":    { "uv": [ 7, 0, 9, 7 ], "texture": "#edge" }
    }
},
{
    "from": [ 7, 15.9375, 0 ],
    "to": [ 9, 16, 7 ],
    "faces": {
        "down":  { "uv": [ 9, 0, 7, 7 ], "texture": "#edge" },
        "up":    { "uv": [ 7, 0, 9, 7 ], "texture": "#edge" }
    }
},
{
    "from": [ 7, 0, 7 ],
    "to": [ 9, 16, 8 ],
    "faces": {
        "down":  { "uv": [ 9, 8, 7, 7 ], "texture": "#bars" },
        "up":    { "uv": [ 7, 7, 9, 8 ], "texture": "#bars" },
        "north": { "uv": [ 7, 0, 9, 16 ], "texture": "#bars" },
        "south": { "uv": [ 7, 0, 9, 16 ], "texture": "#bars" },
        "west":  { "uv": [ 7, 0, 8, 16 ], "texture": "#bars" },
        "east":  { "uv": [ 8, 0, 9, 16 ], "texture": "#bars" }
    }
},
{
    "from": [ 7, 0, 2 ],
    "to": [ 9, 16, 4 ],
    "faces": {
        "down":  { "uv": [ 9, 4, 7, 2 ], "texture": "#bars" },
        "up":    { "uv": [ 7, 2, 9, 4 ], "texture": "#bars" },
        "north": { "uv": [ 7, 0, 9, 16 ], "texture": "#bars" },
        "south": { "uv": [ 7, 0, 9, 16 ], "texture": "#bars" },
        "west":  { "uv": [ 2, 0, 4, 16 ], "texture": "#bars" },
        "east":  { "uv": [ 12, 0, 14, 16 ], "texture": "#bars" }
    }
},
{
    "from": [ 7, 2, 4 ],
    "to": [ 9, 4, 7 ],
    "faces": {
        "down":  { "uv": [ 9, 7, 7, 4 ], "texture": "#bars" },
        "up":    { "uv": [ 7, 4, 9, 7 ], "texture": "#bars" },
        "north": { "uv": [ 7, 12, 9, 14 ], "texture": "#bars" },
        "south": { "uv": [ 7, 12, 9, 14 ], "texture": "#bars" },
        "west":  { "uv": [ 9, 12, 12, 14 ], "texture": "#bars" },
        "east":  { "uv": [ 9, 12, 12, 14 ], "texture": "#bars" }
    }
},
{
    "from": [ 7, 7, 0 ],
    "to": [ 9, 9, 2 ],
    "faces": {
        "down":  { "uv": [ 9, 2, 7, 0 ], "texture": "#bars" },
        "up":    { "uv": [ 7, 0, 9, 2 ], "texture": "#bars" },
        "north": { "uv": [ 7, 7, 9, 9 ], "texture": "#bars" },
        "south": { "uv": [ 7, 7, 9, 9 ], "texture": "#bars" },
        "west":  { "uv": [ 0, 7, 2, 9 ], "texture": "#bars" },
        "east":  { "uv": [ 14, 7, 16, 9 ], "texture": "#bars" }
    }
}
]
}