{
"textures": {
    "particle": "blocks/iron_bars",
    "bars": "blocks/iron_bars",
    "edge": "blocks/iron_bars"
},
"elements": [ 
{
    "from": [ 8, 0, 8 ],
    "to": [ 8.0625, 16, 16 ],
    "faces": {
        "west":  { "uv": [ 8, 0, 0, 16 ], "texture": "#bars" },
        "east":  { "uv": [ 0, 0, 8, 16 ], "texture": "#bars" }
    }
},
{
    "from": [ 7, 0, 9 ],
    "to": [ 9, 16, 16 ],
    "faces": {
        "down":  { "uv": [ 9, 9, 7, 16 ], "texture": "#edge" },
        "up":    { "uv": [ 7, 9, 9, 16 ], "texture": "#edge" },
        "south": { "uv": [ 7, 0, 9, 16 ], "texture": "#edge", "cullface": "south" }
    }
},
{
    "from": [ 7, 0.001, 9 ],
    "to": [ 9, 0.0635, 16 ],
    "faces": {
        "down":  { "uv": [ 9, 9, 7, 16 ], "texture": "#edge" },
        "up":    { "uv": [ 7, 9, 9, 16 ], "texture": "#edge" }
    }
},
{
    "from": [ 7, 15.999, 9 ],
    "to": [ 9, 16.0615, 16 ],
    "faces": {
        "down":  { "uv": [ 9, 9, 7, 16 ], "texture": "#edge" },
        "up":    { "uv": [ 7, 9, 9, 16 ], "texture": "#edge" }
    }
},
{
    "from": [ 7, 0, 8 ],
    "to": [ 9, 16, 9 ],
    "faces": {
        "down":  { "uv": [ 9, 9, 7, 8 ], "texture": "#bars" },
        "up":    { "uv": [ 7, 8, 9, 9 ], "texture": "#bars" },
        "north": { "uv": [ 7, 0, 9, 16 ], "texture": "#bars" },
        "south": { "uv": [ 7, 0, 9, 16 ], "texture": "#bars" },
        "west":  { "uv": [ 8, 0, 9, 16 ], "texture": "#bars" },
        "east":  { "uv": [ 7, 0, 8, 16 ], "texture": "#bars" }
    }
},
{
    "from": [ 7, 0, 12 ],
    "to": [ 9, 16, 14 ],
    "faces": {
        "down":  { "uv": [ 9, 14, 7, 12 ], "texture": "#bars" },
        "up":    { "uv": [ 7, 12, 9, 14 ], "texture": "#bars" },
        "north": { "uv": [ 7, 0, 9, 16 ], "texture": "#bars" },
        "south": { "uv": [ 7, 0, 9, 16 ], "texture": "#bars" },
        "west":  { "uv": [ 12, 0, 14, 16 ], "texture": "#bars" },
        "east":  { "uv": [ 2, 0, 4, 16 ], "texture": "#bars" }
    }
},
{
    "from": [ 7, 12, 9 ],
    "to": [ 9, 14, 12 ],
    "faces": {
        "down":  { "uv": [ 9, 12, 7, 9 ], "texture": "#bars" },
        "up":    { "uv": [ 7, 9, 9, 12 ], "texture": "#bars" },
        "north": { "uv": [ 7, 2, 9, 4 ], "texture": "#bars" },
        "south": { "uv": [ 7, 2, 9, 4 ], "texture": "#bars" },
        "west":  { "uv": [ 4, 2, 7, 4 ], "texture": "#bars" },
        "east":  { "uv": [ 4, 2, 7, 4 ], "texture": "#bars" }
    }
},
{
    "from": [ 7, 7, 14 ],
    "to": [ 9, 9, 16 ],
    "faces": {
        "down":  { "uv": [ 9, 16, 7, 14 ], "texture": "#bars" },
        "up":    { "uv": [ 7, 14, 9, 16 ], "texture": "#bars" },
        "north": { "uv": [ 7, 7, 9, 9 ], "texture": "#bars" },
        "south": { "uv": [ 7, 7, 9, 9 ], "texture": "#bars" },
        "west":  { "uv": [ 14, 7, 16, 9 ], "texture": "#bars" },
        "east":  { "uv": [ 0, 7, 2, 9 ], "texture": "#bars" }
    }
}
]
}