{
"__comment": "Model by @Georg_Schmo",
"ambientocclusion": false,
"textures": {
    "particle": "blocks/door_jungle_upper",
    "texture": "blocks/door_jungle_upper"
},
"elements": [ 
{
    "from": [ 0, 0, 12 ],
    "to": [ 3, 16, 16 ],
    "faces": {
        "down":  { "uv": [ 3, 16, 0, 14 ], "rotation": 180, "texture": "#texture" },
        "up":    { "uv": [ 0, 3, 4, 0 ], "rotation": 270, "texture": "#texture" },
        "north": { "uv": [ 3, 0, 0, 16 ], "texture": "#texture" },
        "south": { "uv": [ 0, 0, 3, 16 ], "texture": "#texture" },
        "west":  { "uv": [ 4, 0, 0, 16 ], "texture": "#texture" },
        "east":  { "uv": [ 0, 0, 4, 16 ], "texture": "#texture" }
    }
},
{
    "from": [ 0, 0, 4 ],
    "to": [ 3, 6, 12 ],
    "faces": {
        "down":  { "uv": [ 12, 16, 4, 13.5 ], "rotation": 180, "texture": "#texture" },
        "up":    { "uv": [ 4, 13, 12, 10 ], "rotation": 270, "texture": "#texture" },
        "west":  { "uv": [ 12, 10, 4, 16 ], "texture": "#texture" },
        "east":  { "uv": [ 4, 10, 12, 16 ], "texture": "#texture" }
    }
},
{
    "from": [ 0, 0, 0 ],
    "to": [ 3, 16, 4 ],
    "faces": {
        "down":  { "uv": [ 16, 16, 13, 14 ], "rotation": 180, "texture": "#texture" },
        "up":    { "uv": [ 12, 3, 16, 0 ], "rotation": 270, "texture": "#texture" },
        "north": { "uv": [ 4, 0, 1, 16 ], "texture": "#texture" },
        "south": { "uv": [ 15, 0, 12, 16 ], "texture": "#texture" },
        "west":  { "uv": [ 16, 0, 12, 16 ], "texture": "#texture" },
        "east":  { "uv": [ 12, 0, 16, 16 ], "texture": "#texture" }
    }
},
{
    "from": [ 0, 13, 4 ],
    "to": [ 3, 16, 12 ],
    "faces": {
        "down":  { "uv": [ 12, 0, 4, 3 ], "rotation": 270, "texture": "#texture" },
        "up":    { "uv": [ 4, 3, 12, 0 ], "rotation": 270, "texture": "#texture" },
        "west":  { "uv": [ 12, 0, 4, 3 ], "texture": "#texture" },
        "east":  { "uv": [ 4, 0, 12, 3 ], "texture": "#texture" }
    }
},
{
    "from": [ 0, 10, 11 ],
    "to": [ 3, 13, 12 ],
    "faces": {
        "down":  { "uv": [ 5, 3, 4, 6 ], "rotation": 270, "texture": "#texture" },
        "north": { "uv": [ 5, 3, 2, 6 ], "texture": "#texture" },
        "west":  { "uv": [ 5, 3, 4, 6 ], "texture": "#texture" },
        "east":  { "uv": [ 4, 3, 5, 6 ], "texture": "#texture" }
    }
},
{
    "from": [ 0, 10, 4 ],
    "to": [ 3, 13, 5 ],
    "faces": {
        "down":  { "uv": [ 12, 3, 11, 6 ], "rotation": 270, "texture": "#texture" },
        "south": { "uv": [ 14, 3, 11, 6 ], "texture": "#texture" },
        "west":  { "uv": [ 12, 3, 11, 6 ], "texture": "#texture" },
        "east":  { "uv": [ 11, 3, 12, 6 ], "texture": "#texture" }
    }
},
{
    "from": [ 0, 12, 10 ],
    "to": [ 3, 13, 11 ],
    "faces": {
        "down":  { "uv": [ 5, 3, 6, 4 ], "rotation": 270, "texture": "#texture" },
        "north": { "uv": [ 4, 4, 5, 1 ], "rotation": 90, "texture": "#texture" },
        "west":  { "uv": [ 6, 3, 5.5, 3.5 ], "texture": "#texture" },
        "east":  { "uv": [ 5, 3, 5.5, 3.5 ], "texture": "#texture" }
    }
},
{
    "from": [ 0, 12, 5 ],
    "to": [ 3, 13, 6 ],
    "faces": {
        "down":  { "uv": [ 10, 3, 11, 4 ], "rotation": 270, "texture": "#texture" },
        "south": { "uv": [ 10, 1, 11, 4 ], "rotation": 90, "texture": "#texture" },
        "west":  { "uv": [ 10.5, 3, 10, 3.5 ], "texture": "#texture" },
        "east":  { "uv": [ 10.5, 3, 11, 3.5 ], "texture": "#texture" }
    }
}
]
}