{
"__comment": "Model by @Georg_Schmo",
"ambientocclusion": false,
"textures": {
    "particle": "blocks/door_jungle_lower",
    "texture": "blocks/door_jungle_lower"
},
"elements": [ 
{
    "from": [ 0, 0, 0 ],
    "to": [ 3, 16, 7 ],
    "faces": {
        "down":  { "uv": [ 3, 16, 0, 14 ], "texture": "#texture" },
        "up":    { "uv": [ 0, 3, 7, 0 ], "rotation": 90, "texture": "#texture" },
        "north": { "uv": [ 3, 0, 0, 16 ], "texture": "#texture" },
        "south": { "uv": [ 7, 0, 4, 16 ], "texture": "#texture" },
        "west":  { "uv": [ 0, 0, 7, 16 ], "texture": "#texture" },
        "east":  { "uv": [ 7, 0, 0, 16 ], "texture": "#texture" }
    }
},
{
    "from": [ 0, 0, 9 ],
    "to": [ 3, 16, 16 ],
    "faces": {
        "down":  { "uv": [ 16, 16, 13, 14 ], "texture": "#texture" },
        "up":    { "uv": [ 9, 0, 16, 3 ], "rotation": 90, "texture": "#texture" },
        "north": { "uv": [ 12, 0, 9, 16 ], "texture": "#texture" },
        "south": { "uv": [ 16, 0, 13, 16 ], "texture": "#texture" },
        "west":  { "uv": [ 9, 0, 16, 16 ], "texture": "#texture" },
        "east":  { "uv": [ 16, 0, 9, 16 ], "texture": "#texture" }
    }
},
{
    "from": [ 0, 15, 7 ],
    "to": [ 3, 16, 9 ],
    "faces": {
        "down":  { "uv": [ 16, 9, 13, 7 ], "texture": "#texture" },
        "up":    { "uv": [ 13, 7, 16, 9 ], "texture": "#texture" },
        "west":  { "uv": [ 7, 0, 9, 1 ], "texture": "#texture" },
        "east":  { "uv": [ 7, 0, 9, 1 ], "texture": "#texture" }
    }
},
{
    "from": [ 0, 0, 7 ],
    "to": [ 3, 3, 9 ],
    "faces": {
        "down":  { "uv": [ 16, 9, 13, 7 ], "texture": "#texture" },
        "up":    { "uv": [ 13, 7, 16, 9 ], "texture": "#texture" },
        "west":  { "uv": [ 7, 13, 9, 16 ], "texture": "#texture" },
        "east":  { "uv": [ 9, 13, 7, 16 ], "texture": "#texture" }
    }
}
]
}