{
    "__comment": "Fair warning, this format is highly likely to change even more in the future!",
    "ambientocclusion": false,
    "inventoryRender3D": false,
    "textures": {
        "particle": "#stem"
    },
    "elements": [ 
{
    
    "from": [ 4.5, 7, 5.5 ],
    "to": [ 5.5, 8, 6.5 ],
    "faces": {
        "down": {
            "uv": [ 8, 12, 9, 13 ],
            "texture": "#stem",
            "tintindex": 0
        },
        "up": {
            "uv": [ 8, 12, 9, 13 ],
            "texture": "#stem",
            "tintindex": 0
        },
        "north": {
            "uv": [ 8, 12, 9, 13 ],
            "texture": "#stem",
            "tintindex": 0
        },
        "south": {
            "uv": [ 8, 12, 9, 13 ],
            "texture": "#stem",
            "tintindex": 0
        },
        "west": {
            "uv": [ 8, 12, 9, 13 ],
            "texture": "#stem",
            "tintindex": 0
        },
        "east": {
            "uv": [ 8, 12, 9, 13 ],
            "texture": "#stem",
            "tintindex": 0
        }
    }
},
{
    
    "from": [ 5.5, 6.5, 6 ],
    "to": [ 7.5, 7.5, 7 ],
    "faces": {
        "down": {
            "uv": [ 7, 14, 9, 15 ],
            "texture": "#stem",
            "tintindex": 0
        },
        "up": {
            "uv": [ 7, 14, 9, 15 ],
            "texture": "#stem",
            "tintindex": 0
        },
        "north": {
            "uv": [ 7, 14, 9, 15 ],
            "texture": "#stem",
            "tintindex": 0
        },
        "south": {
            "uv": [ 7, 14, 9, 15 ],
            "texture": "#stem",
            "tintindex": 0
        },
        "west": {
            "uv": [ 8, 14, 9, 15 ],
            "texture": "#stem",
            "tintindex": 0
        },
        "east": {
            "uv": [ 7, 14, 8, 15 ],
            "texture": "#stem",
            "tintindex": 0
        }
    }
},
{
    
    "from": [ 3, 3.5, 9.5 ],
    "to": [ 4, 4.5, 10.5 ],
    "faces": {
        "down": {
            "uv": [ 7, 14, 8, 15 ],
            "texture": "#stem",
            "tintindex": 0
        },
        "up": {
            "uv": [ 7, 14, 8, 15 ],
            "texture": "#stem",
            "tintindex": 0
        },
        "north": {
            "uv": [ 7, 14, 8, 15 ],
            "texture": "#stem",
            "tintindex": 0
        },
        "south": {
            "uv": [ 7, 14, 8, 15 ],
            "texture": "#stem",
            "tintindex": 0
        },
        "west": {
            "uv": [ 7, 14, 8, 15 ],
            "texture": "#stem",
            "tintindex": 0
        },
        "east": {
            "uv": [ 7, 14, 8, 15 ],
            "texture": "#stem",
            "tintindex": 0
        }
    }
},
{
    
    "from": [ 4, 4, 8.5 ],
    "to": [ 6, 5, 9.5 ],
    "faces": {
        "down": {
            "uv": [ 7, 10, 9, 11 ],
            "texture": "#stem",
            "tintindex": 0
        },
        "up": {
            "uv": [ 7, 10, 9, 11 ],
            "texture": "#stem",
            "tintindex": 0
        },
        "north": {
            "uv": [ 7, 10, 9, 11 ],
            "texture": "#stem",
            "tintindex": 0
        },
        "south": {
            "uv": [ 7, 10, 9, 11 ],
            "texture": "#stem",
            "tintindex": 0
        },
        "west": {
            "uv": [ 8, 10, 9, 11 ],
            "texture": "#stem",
            "tintindex": 0
        },
        "east": {
            "uv": [ 7, 10, 8, 11 ],
            "texture": "#stem",
            "tintindex": 0
        }
    }
},
{
    
    "from": [ 3, 6, 7 ],
    "to": [ 5, 8, 8.5 ],
    "faces": {
        "down": {
            "uv": [ 7, 10, 9, 11.5 ],
            "texture": "#stem",
            "tintindex": 0
        },
        "up": {
            "uv": [ 7, 10, 9, 11.5 ],
            "texture": "#stem",
            "tintindex": 0
        },
        "north": {
            "uv": [ 7, 10, 9, 12 ],
            "texture": "#stem",
            "tintindex": 0
        },
        "south": {
            "uv": [ 7, 10, 9, 12 ],
            "texture": "#stem",
            "tintindex": 0
        },
        "west": {
            "uv": [ 7, 10, 8.5, 12 ],
            "texture": "#stem",
            "tintindex": 0
        },
        "east": {
            "uv": [ 7, 10, 8.5, 12 ],
            "texture": "#stem",
            "tintindex": 0
        }
    }
},
{
    
    "from": [ 0, 7, 7 ],
    "to": [ 3, 8, 8 ],
    "faces": {
        "down": {
            "uv": [ 7, 11, 9, 12 ],
            "texture": "#stem",
            "tintindex": 0
        },
        "up": {
            "uv": [ 7, 11, 9, 12 ],
            "texture": "#stem",
            "tintindex": 0
        },
        "north": {
            "uv": [ 7, 11, 9, 12 ],
            "texture": "#stem",
            "tintindex": 0
        },
        "south": {
            "uv": [ 7, 11, 9, 12 ],
            "texture": "#stem",
            "tintindex": 0
        },
        "west": {
            "uv": [ 8, 11, 9, 12 ],
            "texture": "#stem",
            "tintindex": 0
        },
        "east": {
            "uv": [ 7, 11, 8, 12 ],
            "texture": "#stem",
            "tintindex": 0
        }
    }
},
{
    
    "from": [ 7, -1, 7 ],
    "to": [ 9, 5, 9 ],
    "faces": {
        "down": {
            "uv": [ 7, 15, 9, 16 ],
            "texture": "#stem",
            "tintindex": 0
        },
        "up": {
            "uv": [ 7, 10, 9, 11 ],
            "texture": "#stem",
            "tintindex": 0
        },
        "north": {
            "uv": [ 7, 10, 9, 16 ],
            "texture": "#stem",
            "tintindex": 0
        },
        "south": {
            "uv": [ 7, 10, 9, 16 ],
            "texture": "#stem",
            "tintindex": 0
        },
        "west": {
            "uv": [ 9, 10, 7, 16 ],
            "texture": "#stem",
            "tintindex": 0
        },
        "east": {
            "uv": [ 9, 10, 7, 16 ],
            "texture": "#stem",
            "tintindex": 0
        }
    }
},
{
    
    "from": [ 5, 5, 7 ],
    "to": [ 7, 7, 9 ],
    "faces": {
        "down": {
            "uv": [ 7, 14, 9, 16 ],
            "texture": "#stem",
            "tintindex": 0
        },
        "up": {
            "uv": [ 7, 14, 9, 16 ],
            "texture": "#stem",
            "tintindex": 0
        },
        "north": {
            "uv": [ 7, 14, 9, 16 ],
            "texture": "#stem",
            "tintindex": 0
        },
        "south": {
            "uv": [ 7, 14, 9, 16 ],
            "texture": "#stem",
            "tintindex": 0
        },
        "west": {
            "uv": [ 7, 14, 9, 16 ],
            "texture": "#stem",
            "tintindex": 0
        },
        "east": {
            "uv": [ 7, 14, 9, 16 ],
            "texture": "#stem",
            "tintindex": 0
        }
    }
},
{
    
    "from": [ 7, 5, 7 ],
    "to": [ 8, 6, 9 ],
    "faces": {
        "down": {
            "uv": [ 7, 9, 8, 11 ],
            "texture": "#stem",
            "tintindex": 0
        },
        "up": {
            "uv": [ 7, 9, 8, 11 ],
            "texture": "#stem",
            "tintindex": 0
        },
        "north": {
            "uv": [ 7, 10, 8, 11 ],
            "texture": "#stem",
            "tintindex": 0
        },
        "south": {
            "uv": [ 7, 10, 8, 11 ],
            "texture": "#stem",
            "tintindex": 0
        },
        "west": {
            "uv": [ 7, 10, 9, 11 ],
            "texture": "#stem",
            "tintindex": 0
        },
        "east": {
            "uv": [ 7, 10, 9, 11 ],
            "texture": "#stem",
            "tintindex": 0
        }
    }
}
]
}
